{"type":"excalidraw","version":2,"elements":[{"type":"rectangle","version":180,"versionNonce":1405561850,"isDeleted":false,"id":"Nx_6ACJaaueNh0fTsVZeh","fillStyle":"hachure","strokeWidth":1,"strokeStyle":"solid","roughness":1,"opacity":100,"angle":0,"x":11,"y":0,"strokeColor":"#000000","backgroundColor":"#fa5252","width":247,"height":138,"seed":679323330,"groupIds":[],"strokeSharpness":"sharp","boundElements":[],"updated":1697902378082,"link":null},{"type":"arrow","version":142,"versionNonce":265248388,"isDeleted":false,"id":"2bmK1AKg9yVMP6CO_U6Ke","fillStyle":"hachure","strokeWidth":1,"strokeStyle":"solid","roughness":1,"opacity":100,"angle":0,"x":216,"y":67,"strokeColor":"#000000","backgroundColor":"#fa5252","width":289,"height":46,"seed":1265574494,"groupIds":[],"strokeSharpness":"round","boundElements":[],"updated":1655641371094,"link":null,"lastCommittedPoint":null,"startArrowhead":null,"endArrowhead":"arrow","points":[[0,0],[289,46]]},{"type":"ellipse","version":162,"versionNonce":507427772,"isDeleted":false,"id":"TOmE_26Ye9b_m_TKfWU45","fillStyle":"hachure","strokeWidth":1,"strokeStyle":"solid","roughness":1,"opacity":100,"angle":0,"x":441,"y":31,"strokeColor":"#000000","backgroundColor":"#228be6","width":203,"height":191,"seed":77588894,"groupIds":[],"strokeSharpness":"sharp","boundElements":[],"updated":1655641371094,"link":null},{"type":"text","version":204,"versionNonce":1172999398,"isDeleted":false,"id":"K5CjVJa8vYzQ8LDOdH-av","fillStyle":"hachure","strokeWidth":1,"strokeStyle":"solid","roughness":1,"opacity":100,"angle":0,"x":319.5,"y":20,"strokeColor":"#000000","backgroundColor":"#228be6","width":71.75993347167969,"height":null,"seed":317664926,"groupIds":[],"strokeSharpness":"sharp","boundElements":[],"updated":1697902376314,"link":null,"fontSize":20,"fontFamily":1,"text":"convert","baseline":18,"textAlign":"left","verticalAlign":"top","containerId":null,"originalText":"convert"},{"type":"diamond","version":139,"versionNonce":2062017596,"isDeleted":false,"id":"rZ0DKhdiE-mys9orY2M7Y","fillStyle":"solid","strokeWidth":1,"strokeStyle":"solid","roughness":1,"opacity":100,"angle":0,"x":335,"y":67,"strokeColor":"#000000","backgroundColor":"#228be6","width":31,"height":37,"seed":401619102,"groupIds":[],"strokeSharpness":"sharp","boundElements":[],"updated":1655641371094,"link":null},{"type":"line","version":202,"versionNonce":1931775364,"isDeleted":false,"id":"gWzx0Ka27J2gQYsjliI5u","fillStyle":"solid","strokeWidth":1,"strokeStyle":"dashed","roughness":1,"opacity":100,"angle":0,"x":147,"y":142,"strokeColor":"#000000","backgroundColor":"#228be6","width":124,"height":113,"seed":668475458,"groupIds":[],"strokeSharpness":"round","boundElements":[],"updated":1655641371094,"link":null,"lastCommittedPoint":null,"startArrowhead":null,"endArrowhead":null,"points":[[0,0],[124,113]]},{"type":"rectangle","version":182,"versionNonce":693632188,"isDeleted":false,"id":"vPXlTlCV6XiWRo8z596tY","fillStyle":"cross-hatch","strokeWidth":1,"strokeStyle":"dotted","roughness":1,"opacity":100,"angle":0,"x":269,"y":240,"strokeColor":"#2b8a3e","backgroundColor":"#e6ffc8","width":144,"height":115,"seed":1313295006,"groupIds":[],"strokeSharpness":"sharp","boundElements":[],"updated":1655641371094,"link":null},{"type":"text","version":314,"versionNonce":1300077690,"isDeleted":false,"id":"NlWoiu7QFiUGoGhxxFDQz","fillStyle":"hachure","strokeWidth":1,"strokeStyle":"solid","roughness":1,"opacity":100,"angle":0,"x":290,"y":247,"strokeColor":"#2b8a3e","backgroundColor":"#228be6","width":53.35993957519531,"height":null,"seed":146698370,"groupIds":[],"strokeSharpness":"sharp","boundElements":[],"updated":1697902376314,"link":null,"fontSize":20,"fontFamily":1,"text":"List :\n- one\n- two","baseline":68,"textAlign":"left","verticalAlign":"top","containerId":null,"originalText":"List :\n- one\n- two"},{"type":"diamond","version":220,"versionNonce":858850620,"isDeleted":false,"id":"4tqMpG7kcfLvu81ba12UQ","fillStyle":"solid","strokeWidth":1,"strokeStyle":"solid","roughness":1,"opacity":100,"angle":5.899784582143685,"x":283.37319488867206,"y":123.6942301852414,"strokeColor":"#000000","backgroundColor":"#fa5252","width":104.0405522208337,"height":74.00000000000001,"seed":1677737711,"groupIds":[],"strokeSharpness":"sharp","boundElements":[],"updated":1655641371094,"link":null},{"type":"rectangle","version":277,"versionNonce":406453380,"isDeleted":false,"id":"79D3L3LhxNNySkbKD3Bia","fillStyle":"hachure","strokeWidth":1,"strokeStyle":"solid","roughness":1,"opacity":100,"angle":0.42451911970089906,"x":479.7715111234793,"y":259.96655309088374,"strokeColor":"#000000","backgroundColor":"#fa5252","width":128.50676566765082,"height":63,"seed":1447260752,"groupIds":[],"strokeSharpness":"sharp","boundElements":[],"updated":1655641371095,"link":null},{"type":"diamond","version":362,"versionNonce":500497852,"isDeleted":false,"id":"ffrisBNjK3DyL4MRqDVUM","fillStyle":"solid","strokeWidth":1,"strokeStyle":"solid","roughness":1,"opacity":100,"angle":0.3893167218331426,"x":21.865547135620886,"y":174.8538070033551,"strokeColor":"#000000","backgroundColor":"#15aabf","width":87.26890572875811,"height":46.29238599328972,"seed":63592112,"groupIds":[],"strokeSharpness":"sharp","boundElements":[],"updated":1655641371095,"link":null},{"type":"rectangle","version":518,"versionNonce":340773892,"isDeleted":false,"id":"wxvV5tzdo2p3m4nBQf_fI","fillStyle":"hachure","strokeWidth":1,"strokeStyle":"solid","roughness":1,"opacity":100,"angle":5.997855886997452,"x":90.74789364500919,"y":293.3561760950281,"strokeColor":"#000000","backgroundColor":"#fab005","width":123.50421270998135,"height":35.287647809943806,"seed":1439819952,"groupIds":[],"strokeSharpness":"sharp","boundElements":[],"updated":1655641371095,"link":null},{"type":"line","version":166,"versionNonce":1610279598,"isDeleted":false,"id":"i2pQf0tOL1I7RZA6fHNXy","fillStyle":"cross-hatch","strokeWidth":1,"strokeStyle":"dotted","roughness":1,"opacity":100,"angle":0.3264344116289468,"x":129,"y":177,"strokeColor":"#a61e4d","backgroundColor":"#fab005","width":71,"height":80,"seed":969735782,"groupIds":[],"strokeSharpness":"sharp","boundElements":[],"updated":1655641371095,"link":null,"lastCommittedPoint":null,"startArrowhead":null,"endArrowhead":null,"points":[[0,0],[2,16],[12,40],[20,51],[36,64],[71,80]]},{"type":"line","version":175,"versionNonce":1006611332,"isDeleted":false,"id":"zTcY1DmmmEqtM7iaFOjI2","fillStyle":"cross-hatch","strokeWidth":1,"strokeStyle":"solid","roughness":1,"opacity":100,"angle":0,"x":24,"y":282,"strokeColor":"#087f5b","backgroundColor":"#fab005","width":81,"height":33,"seed":1314441594,"groupIds":[],"strokeSharpness":"sharp","boundElements":[],"updated":1655641371095,"link":null,"lastCommittedPoint":null,"startArrowhead":null,"endArrowhead":null,"points":[[0,0],[6,-22],[12,-29],[21,-30],[24,-29],[33,-17],[36,1],[37,2],[45,-29],[48,-29],[53,-31],[58,-31],[72,-23],[81,-8],[81,-4]]},{"type":"rectangle","version":467,"versionNonce":1170587324,"isDeleted":false,"id":"UqrOMUkW8i5NCxQf_EDc9","fillStyle":"hachure","strokeWidth":1,"strokeStyle":"solid","roughness":1,"opacity":100,"angle":0.11809202841909539,"x":190.3330910264575,"y":373.66279952417335,"strokeColor":"#000000","backgroundColor":"#be4bdb","width":90.33381794708485,"height":87.67440095165314,"seed":1466118630,"groupIds":[],"strokeSharpness":"sharp","boundElements":[],"updated":1655641371095,"link":null},{"type":"diamond","version":459,"versionNonce":830970628,"isDeleted":false,"id":"06wK4k0VHVo3nl3maFgBt","fillStyle":"solid","strokeWidth":1,"strokeStyle":"solid","roughness":1,"opacity":100,"angle":5.137516099543635,"x":353.41738815890335,"y":394.61371445798545,"strokeColor":"#000000","backgroundColor":"#4c6ef5","width":80.89200154670186,"height":77.42001777890613,"seed":1789348282,"groupIds":[],"strokeSharpness":"sharp","boundElements":[],"updated":1655641371095,"link":null},{"type":"text","version":192,"versionNonce":135528486,"isDeleted":false,"id":"FExeJRXagFlMKEpW4ApvL","fillStyle":"cross-hatch","strokeWidth":1,"strokeStyle":"dotted","roughness":1,"opacity":100,"angle":5.9094584872140326,"x":35.78896794074159,"y":386.2393022458574,"strokeColor":"#d9480f","backgroundColor":"#4c6ef5","width":107.841796875,"height":null,"seed":152285754,"groupIds":[],"strokeSharpness":"sharp","boundElements":[],"updated":1697902376315,"link":null,"fontSize":20,"fontFamily":2,"text":"Rotated text","baseline":18,"textAlign":"left","verticalAlign":"top","containerId":null,"originalText":"Rotated text"},{"type":"arrow","version":363,"versionNonce":526752388,"isDeleted":false,"id":"n7nmJZmGCpL1a6l1TdMeX","fillStyle":"hachure","strokeWidth":1,"strokeStyle":"solid","roughness":1,"opacity":100,"angle":0,"x":520.1576551164967,"y":338.6957163378038,"strokeColor":"#000000","backgroundColor":"#fa5252","width":78.65765511649664,"height":75.30428366219626,"seed":925954106,"groupIds":[],"strokeSharpness":"round","boundElements":[],"updated":1655641371095,"link":null,"lastCommittedPoint":null,"startArrowhead":null,"endArrowhead":"arrow","points":[[0,0],[-78.65765511649664,75.30428366219626]]},{"type":"text","version":182,"versionNonce":860355898,"isDeleted":false,"id":"lU3Msnm2CTXBHi8Pzef0C","fillStyle":"cross-hatch","strokeWidth":1,"strokeStyle":"dotted","roughness":1,"opacity":100,"angle":0,"x":509.5,"y":392,"strokeColor":"#000000","backgroundColor":"#4c6ef5","width":128.90625,"height":null,"seed":1839996922,"groupIds":[],"strokeSharpness":"sharp","boundElements":[],"updated":1697902376316,"link":null,"fontSize":20,"fontFamily":3,"text":"> some code","baseline":19,"textAlign":"left","verticalAlign":"top","containerId":null,"originalText":"> some code"},{"type":"text","version":508,"versionNonce":53283686,"isDeleted":false,"id":"CdlqC6FutWnAhFgUa4-tK","fillStyle":"hachure","strokeWidth":1,"strokeStyle":"solid","roughness":1,"opacity":100,"angle":0,"x":34.326958955223915,"y":31.00810810810811,"strokeColor":"#c92a2a","backgroundColor":"#228be6","width":164.30007934570312,"height":null,"seed":168503609,"groupIds":[],"strokeSharpness":"sharp","boundElements":[],"updated":1697902376317,"link":null,"fontSize":39.25486991656494,"fontFamily":1,"text":"Big text","baseline":35,"textAlign":"left","verticalAlign":"top","containerId":null,"originalText":"Big text"},{"type":"ellipse","version":305,"versionNonce":1795300462,"isDeleted":false,"id":"lQb2o3G3uO-OSzJlv7dQf","fillStyle":"cross-hatch","strokeWidth":1,"strokeStyle":"solid","roughness":1,"opacity":100,"angle":5.987365538640589,"x":483.5,"y":118.5,"strokeColor":"#000000","backgroundColor":"#7950f2","width":133.00000000000003,"height":58.00000000000001,"seed":617054574,"groupIds":[],"strokeSharpness":"sharp","boundElements":[],"updated":1655641371095,"link":null}],"files":{},"appState":{"scrollX":255.921875,"scrollY":295.91526179206426,"zoom":{"value":1}}}