{
	"formatVersion": 1,
	"appVersion": "0.47.7",
	"files": [
		{
			"isClone": false,
			"noteId": "2FarXTQMp9Dc",
			"notePath": [
				"2FarXTQMp9Dc"
			],
			"title": "Mermaid Diagrams",
			"notePosition": 40,
			"prefix": null,
			"isExpanded": false,
			"type": "book",
			"mime": "",
			"attributes": [],
			"dirFileName": "Mermaid Diagrams",
			"children": [
				{
					"isClone": false,
					"noteId": "Bt4nrm1RimeH",
					"notePath": [
						"2FarXTQMp9Dc",
						"Bt4nrm1RimeH"
					],
					"title": "Flow",
					"notePosition": 10,
					"prefix": null,
					"isExpanded": false,
					"type": "mermaid",
					"mime": "text/mermaid",
					"attributes": [],
					"dataFileName": "Flow.dat"
				},
				{
					"isClone": false,
					"noteId": "iXdWZKGjoN4t",
					"notePath": [
						"2FarXTQMp9Dc",
						"iXdWZKGjoN4t"
					],
					"title": "Sequence",
					"notePosition": 20,
					"prefix": null,
					"isExpanded": false,
					"type": "mermaid",
					"mime": "text/mermaid",
					"attributes": [],
					"dataFileName": "Sequence.dat"
				},
				{
					"isClone": false,
					"noteId": "FDJiJToOkp4Z",
					"notePath": [
						"2FarXTQMp9Dc",
						"FDJiJToOkp4Z"
					],
					"title": "Gantt",
					"notePosition": 30,
					"prefix": null,
					"isExpanded": false,
					"type": "mermaid",
					"mime": "text/plain",
					"attributes": [],
					"dataFileName": "Gantt.txt"
				},
				{
					"isClone": false,
					"noteId": "vUhZVXv1gwSD",
					"notePath": [
						"2FarXTQMp9Dc",
						"vUhZVXv1gwSD"
					],
					"title": "Class",
					"notePosition": 40,
					"prefix": null,
					"isExpanded": false,
					"type": "mermaid",
					"mime": "text/plain",
					"attributes": [],
					"dataFileName": "Class.txt"
				},
				{
					"isClone": false,
					"noteId": "KoiuJ6pVwFyt",
					"notePath": [
						"2FarXTQMp9Dc",
						"KoiuJ6pVwFyt"
					],
					"title": "State",
					"notePosition": 50,
					"prefix": null,
					"isExpanded": false,
					"type": "mermaid",
					"mime": "text/plain",
					"attributes": [],
					"dataFileName": "State.txt"
				},
				{
					"isClone": false,
					"noteId": "awPYDI9tuZmz",
					"notePath": [
						"2FarXTQMp9Dc",
						"awPYDI9tuZmz"
					],
					"title": "Pie",
					"notePosition": 60,
					"prefix": null,
					"isExpanded": false,
					"type": "mermaid",
					"mime": "text/plain",
					"attributes": [],
					"dataFileName": "Pie.txt"
				},
				{
					"isClone": false,
					"noteId": "8UC7MlJ31yBI",
					"notePath": [
						"2FarXTQMp9Dc",
						"8UC7MlJ31yBI"
					],
					"title": "Journey",
					"notePosition": 70,
					"prefix": null,
					"isExpanded": false,
					"type": "mermaid",
					"mime": "text/plain",
					"attributes": [],
					"dataFileName": "Journey.txt"
				},
				{
					"isClone": false,
					"noteId": "lZfj4DiAMIHh",
					"notePath": [
						"2FarXTQMp9Dc",
						"lZfj4DiAMIHh"
					],
					"title": "Git",
					"notePosition": 80,
					"isExpanded": false,
					"type": "mermaid",
					"mime": "text/plain",
					"attributes": [],
					"dataFileName": "Git.txt"
				},
				{
					"isClone": false,
					"noteId": "qOV1HvGQbe8E",
					"notePath": [
						"2FarXTQMp9Dc",
						"qOV1HvGQbe8E"
					],
					"title": "Entity Relationship",
					"notePosition": 90,
					"isExpanded": false,
					"type": "mermaid",
					"mime": "text/plain",
					"attributes": [],
					"dataFileName": "Entity Relationship.txt"
				}
			]
		},
		{
			"noImport": true,
			"dataFileName": "navigation.html"
		},
		{
			"noImport": true,
			"dataFileName": "index.html"
		},
		{
			"noImport": true,
			"dataFileName": "style.css"
		}
	]
}