{
	"formatVersion": 1,
	"appVersion": "0.47.8",
	"files": [
		{
			"isClone": false,
			"noteId": "QmMrIIkr0oSn",
			"notePath": [
				"QmMrIIkr0oSn"
			],
			"title": "Steel Blue",
			"notePosition": 50,
			"prefix": null,
			"isExpanded": false,
			"type": "code",
			"mime": "text/css",
			"attributes": [
				{
					"type": "label",
					"name": "appTheme",
					"value": "steel-blue",
					"isInheritable": false,
					"position": 0
				}
			],
			"dataFileName": "Steel Blue.css",
			"dirFileName": "Steel Blue",
			"children": [
				{
					"isClone": false,
					"noteId": "BxSULnM5Vozz",
					"notePath": [
						"QmMrIIkr0oSn",
						"BxSULnM5Vozz"
					],
					"title": "eb-garamond-v9-latin-regular.woff2",
					"notePosition": 0,
					"prefix": null,
					"isExpanded": false,
					"type": "file",
					"mime": "application/octet-stream",
					"attributes": [
						{
							"type": "label",
							"name": "originalFileName",
							"value": "eb-garamond-v9-latin-regular.woff2",
							"isInheritable": false,
							"position": 0
						},
						{
							"type": "label",
							"name": "fileSize",
							"value": "27608",
							"isInheritable": false,
							"position": 1
						},
						{
							"type": "label",
							"name": "customResourceProvider",
							"value": "fonts/garamond.woff2",
							"isInheritable": false,
							"position": 2
						}
					],
					"dataFileName": "eb-garamond-v9-latin-regular.w"
				},
				{
					"isClone": false,
					"noteId": "hij0rUjbsv3k",
					"notePath": [
						"QmMrIIkr0oSn",
						"hij0rUjbsv3k"
					],
					"title": "raleway-v12-latin-regular.woff2",
					"notePosition": 10,
					"prefix": null,
					"isExpanded": false,
					"type": "file",
					"mime": "application/octet-stream",
					"attributes": [
						{
							"type": "label",
							"name": "originalFileName",
							"value": "raleway-v12-latin-regular.woff2",
							"isInheritable": false,
							"position": 0
						},
						{
							"type": "label",
							"name": "fileSize",
							"value": "20444",
							"isInheritable": false,
							"position": 1
						},
						{
							"type": "label",
							"name": "customResourceProvider",
							"value": "fonts/raleway.woff2",
							"isInheritable": false,
							"position": 2
						}
					],
					"dataFileName": "raleway-v12-latin-regular.woff"
				}
			]
		},
		{
			"noImport": true,
			"dataFileName": "navigation.html"
		},
		{
			"noImport": true,
			"dataFileName": "index.html"
		},
		{
			"noImport": true,
			"dataFileName": "style.css"
		}
	]
}